COUNTY,COUNTYFP,under_5_1970,under_5_1980,under_5_1990,under_5_2000,under_5_2010,5_to_9_1970,5_to_9_1980,5_to_9_1990,5_to_9_2000,5_to_9_2010,10_to_14_1970,10_to_14_1980,10_to_14_1990,10_to_14_2000,10_to_14_2010,15_to_17_1970,15_to_17_1980,15_to_17_1990,15_to_17_2000,15_to_17_2010,18_and_19_1970,18_and_19_1980,18_and_19_1990,18_and_19_2000,18_and_19_2010,20_1970,20_1980,20_1990,20_2000,20_2010,21_1970,21_1980,21_1990,21_2000,21_2010,22_to_24_1970,22_to_24_1980,22_to_24_1990,22_to_24_2000,22_to_24_2010,25_to_29_1970,25_to_29_1980,25_to_29_1990,25_to_29_2000,25_to_29_2010,30_to_34_1970,30_to_34_1980,30_to_34_1990,30_to_34_2000,30_to_34_2010,35_to_44_1970,35_to_44_1980,35_to_44_1990,35_to_44_2000,35_to_44_2010,45_to_54_1970,45_to_54_1980,45_to_54_1990,45_to_54_2000,45_to_54_2010,55_to_59_1970,55_to_59_1980,55_to_59_1990,55_to_59_2000,55_to_59_2010,60_and_61_1970,60_and_61_1980,60_and_61_1990,60_and_61_2000,60_and_61_2010,62_to_64_1970,62_to_64_1980,62_to_64_1990,62_to_64_2000,62_to_64_2010,65_to_74_1970,65_to_74_1980,65_to_74_1990,65_to_74_2000,65_to_74_2010,75_to_84_1970,75_to_84_1980,75_to_84_1990,75_to_84_2000,75_to_84_2010,85_and_over_1970,85_and_over_1980,85_and_over_1990,85_and_over_2000,85_and_over_2010
Adams County,001,663,810,856,893,849,916,823,961,1059,889,1014,958,941,1208,1019,554,794,546,723,664,230,410,301,345,395,95,179,129,166,157,68,159,127,144,143,261,585,457,394,540,423,1059,1078,768,990,419,853,1284,957,1063,910,1433,2121,2797,2374,1048,1401,1771,2575,3381,566,786,876,1294,1755,211,337,444,569,659,344,564,756,848,1098,914,1488,1942,2396,2995,516,617,878,1180,1481,82,201,214,327,423
Ashland County,003,1366,1236,1183,1067,1001,1625,1163,1356,1111,1014,1643,1377,1229,1278,1084,1062,965,649,828,645,657,711,530,677,491,286,335,267,311,255,268,303,260,246,274,570,776,595,648,592,751,1248,1144,853,948,680,1012,1258,988,908,1514,1544,2142,2512,1750,1756,1477,1442,2168,2490,971,841,602,829,1167,404,370,288,265,427,543,537,457,401,544,1477,1657,1478,1231,1307,923,925,1065,1005,851,247,306,362,448,409
Barron County,005,2482,3069,2900,2544,2737,3295,2914,3466,3009,2762,3851,3031,3212,3475,2832,2350,2193,1722,2352,1819,1099,1498,1108,1302,1069,384,664,440,567,467,306,617,436,447,396,1073,1830,1315,1309,1478,1684,2900,2918,2267,2636,1457,2502,3179,2655,2497,3397,3858,5626,7126,5288,3883,3554,3921,6181,7162,1895,1962,1778,2371,3351,752,791,706,786,1217,1033,1264,1135,1198,1811,2982,3482,3618,3651,4327,1630,1980,2376,2660,2759,402,621,894,1063,1262
Bayfield County,007,889,989,941,794,664,1084,993,1136,979,753,1239,1192,1072,1196,873,742,827,579,731,563,280,387,282,306,270,114,164,121,123,94,93,162,118,91,71,363,551,357,276,316,555,1009,806,601,657,474,947,1103,800,606,984,1437,2105,2379,1587,1448,1243,1497,2452,2636,781,739,709,994,1515,331,303,283,325,543,461,506,429,502,754,1170,1594,1373,1341,1867,535,654,879,836,896,140,125,218,287,349
Brown County,009,15835,13692,15109,15653,17167,19170,13929,15167,16686,17147,18319,15987,14270,16801,17123,10104,11232,8105,9983,10386,6539,7630,6234,7029,7070,2755,3685,3047,3528,3550,2394,3600,2997,3487,3489,7196,10387,9280,9697,10368,10532,16164,17947,15945,17644,8853,13961,18018,17561,16333,16394,19230,30305,38769,32878,15042,15531,18727,30280,37823,6649,7157,7311,9629,15869,2341,2560,2916,3169,5425,3174,3712,4154,4347,6946,7897,10092,11507,12281,15035,3987,5223,7201,8600,9490,1063,1508,2299,3333,4264
Buffalo County,011,1145,1074,981,800,775,1441,1041,1094,926,789,1541,1260,1027,1045,896,898,892,570,690,561,352,471,297,323,305,124,232,116,132,122,149,230,122,115,104,477,676,476,379,403,684,971,990,731,699,662,925,1146,881,676,1420,1423,1832,2202,1644,1439,1411,1343,1938,2201,736,724,640,694,1034,276,269,294,270,422,430,417,393,365,497,1162,1255,1178,1228,1295,620,776,770,785,839,187,262,315,300,325
Burnett County,013,627,858,815,765,792,804,858,924,931,765,905,992,968,1069,907,581,681,566,700,618,186,344,279,356,271,66,156,104,139,105,91,136,100,112,103,219,467,315,331,353,412,799,742,657,639,380,738,905,766,649,867,1227,1772,2211,1617,1094,1212,1370,2284,2450,637,746,698,1056,1340,238,324,347,443,525,380,520,518,676,754,1116,1441,1558,1844,2138,560,662,847,977,1104,113,179,256,357,327
Calumet County,015,2992,2601,2837,2846,3418,3561,2576,3148,3254,3827,3345,3119,2921,3453,3678,1864,2185,1587,2066,2315,920,1216,866,1000,1074,340,585,408,423,427,333,538,376,387,397,1052,1536,1208,1130,1267,1695,2479,2942,2351,2617,1478,2260,3199,3235,3278,2791,3309,5119,7426,7314,2689,2892,3216,5483,8108,1179,1345,1357,1820,3230,412,507,559,586,1038,556,732,776,801,1358,1430,1806,2158,2307,2977,764,894,1210,1571,1879,203,287,404,492,769
Chippewa County,017,4437,4191,3877,3451,4117,5358,4282,4483,3882,4024,5516,4900,4153,4448,4045,3192,3408,2317,2821,2523,1527,1851,1370,1461,1391,648,827,616,582,583,600,822,599,563,613,1841,2482,1756,1655,2139,2578,4150,4040,2925,4045,2378,3717,4345,3519,3838,4859,5358,7733,9128,8098,5077,4771,5029,7801,9965,2328,2398,2198,2676,4427,882,965,939,905,1587,1190,1383,1421,1341,2085,3133,3831,4002,4099,4664,1743,2101,2585,2799,2966,430,690,897,1139,1305
Clark County,019,2575,2705,2429,2555,2913,3289,2708,2885,2589,2799,3640,3050,2767,2949,2772,2104,2155,1488,1945,1607,728,1043,773,967,861,258,468,312,340,380,252,409,297,341,350,828,1450,993,931,1086,1408,2314,2056,1808,1936,1351,1957,2362,1971,1837,2994,3193,4060,5017,3891,3271,3107,2952,4012,4905,1733,1627,1393,1464,2208,656,588,548,538,730,924,1012,872,757,1002,2473,2947,2793,2562,2556,1512,1610,2002,1982,1887,365,567,665,829,970
Columbia County,021,3307,3135,3121,3218,3411,3998,3224,3457,3589,3637,4425,3641,3361,3965,3854,2579,2561,1938,2449,2365,1087,1365,1127,1221,1209,420,645,486,488,503,409,596,447,473,499,1461,1919,1522,1543,1650,2225,3214,3306,3016,3320,2125,3122,3642,3655,3484,4255,4796,6774,9000,7751,4380,4346,4643,7472,9354,2035,2193,2033,2624,4090,753,861,840,927,1475,1091,1285,1336,1261,1937,3130,3506,3832,3783,4390,1923,2042,2345,2690,2754,547,771,878,1094,1150
Crawford County,023,1295,1302,1161,1022,948,1664,1311,1359,1166,1014,1709,1500,1288,1324,1046,1079,1099,813,1000,716,397,537,375,550,312,143,229,153,232,137,130,216,149,204,152,432,700,498,419,490,743,1215,1013,796,895,664,1093,1184,993,848,1509,1635,2184,2516,1838,1702,1545,1561,2504,2651,850,825,687,959,1363,338,339,339,341,500,448,492,494,464,672,1328,1417,1475,1389,1679,694,853,880,997,962,127,248,327,367,421
Dane County,025,25272,20379,25747,25818,30240,28288,20687,24400,26693,29874,27787,23738,21464,27733,28873,15681,15955,11726,16011,17097,15894,16970,15344,16901,15772,8977,9550,9731,10218,9765,8938,9576,9325,9708,9703,20906,25717,23341,24060,27784,24700,37887,37268,34472,42441,16753,29930,35689,33914,36412,29159,35437,60900,70108,64784,26374,27228,33777,60220,68809,10648,12861,12574,18225,31594,3793,4426,4764,5399,10952,5188,6168,7028,7177,13829,12975,15431,18994,20211,26559,7036,8599,10987,14255,15811,1903,3006,4026,5403,7774
Dodge County,027,5856,5679,5462,5098,5020,7097,5593,6143,5616,5390,7627,6392,5693,6479,5596,4122,4373,3152,4070,3573,2055,2509,1903,2239,1964,846,1242,877,956,870,825,1203,859,939,901,2661,3801,2830,2970,3096,4057,6309,6133,5393,5851,3863,5376,6876,6353,5581,7543,8192,11166,15018,12151,7763,7225,7599,11341,14830,3544,3743,3160,3958,5994,1256,1392,1325,1434,2040,1850,2075,2039,2047,2651,4784,5663,6109,5812,6571,2557,3202,3790,4364,4456,698,1095,1443,1810,2224
Door County,029,1507,1976,1725,1277,1271,1874,1673,1947,1720,1304,2107,1919,1969,1943,1465,1277,1330,1018,1232,1036,543,815,505,593,547,248,401,228,245,177,226,425,229,227,186,617,1352,703,630,646,946,2052,1788,1224,1261,920,1716,2123,1470,1269,1928,2498,3884,4413,2890,2408,2170,2602,4375,4607,1342,1219,1064,1788,2496,513,561,493,622,985,665,919,853,967,1400,1876,2498,2390,2756,3400,887,1189,1645,1789,2006,222,316,524,690,839
Douglas County,031,3309,3286,2822,2543,2594,4150,3228,3086,2799,2560,4521,3333,3037,2994,2676,2617,2359,1736,1866,1635,1958,1870,1265,1450,1371,882,950,622,703,676,828,877,551,622,628,1988,2388,1607,1674,1921,2412,3732,2994,2593,2950,2056,3177,3302,2647,2622,4233,4274,6256,6874,5283,5127,4079,4038,6350,6897,2697,2266,1769,2133,3273,988,866,726,734,1191,1338,1378,1140,1014,1521,3318,3816,3612,3036,3399,1808,1949,2384,2383,2064,427,593,811,872,898
Dunn County,033,2066,2428,2352,2285,2422,2420,2317,2663,2415,2497,2622,2339,2450,2844,2566,1575,1626,1382,1761,1574,2263,2625,2086,2414,2612,1136,1518,1339,1415,1493,998,1556,1309,1420,1526,1566,2550,2611,2661,2978,1625,2704,2540,2414,2646,1156,2286,2546,2403,2337,2625,2976,4783,5444,4947,2794,2709,2950,4988,5897,1392,1337,1280,1689,2699,498,505,513,505,1004,755,767,789,725,1336,2148,2271,2208,2231,2754,1217,1394,1553,1569,1721,298,406,555,675,848
Eau Claire County,035,5381,5259,6031,5565,5859,5990,5422,6199,5934,5674,6349,5907,5655,6364,5698,3817,3991,3210,3957,3641,4668,5628,4562,4739,4643,2073,2936,2704,2897,2957,1713,2605,2456,2750,2771,3545,5019,5067,5552,6645,3871,6642,6377,5926,7369,3019,5955,6366,5842,5762,6439,7498,12279,13147,10881,7195,6542,7468,12158,12918,3163,3538,3057,3943,6173,1159,1218,1240,1230,2320,1574,1987,1918,1743,2990,4325,4979,5910,5472,6222,2383,2800,3469,4324,4172,555,879,1215,1599,2041
Florence County,037,277,307,302,230,187,345,311,379,334,200,393,374,340,367,218,196,257,201,233,169,79,127,96,108,81,29,53,32,36,33,30,47,34,38,28,95,162,149,87,96,126,263,307,204,170,169,261,373,316,192,335,429,644,857,497,371,413,520,754,871,191,199,205,309,395,81,85,80,124,141,109,157,157,202,214,300,440,428,480,553,150,219,262,289,272,22,68,81,120,106
Fond du Lac County,039,7511,6951,6355,5851,6003,8735,6840,7237,6638,6283,9192,7681,7030,7271,6553,5449,5178,3947,4729,4205,3551,3628,2690,3110,2934,1339,1638,1274,1406,1320,1291,1692,1233,1296,1341,3544,4627,3582,3320,3637,5039,7328,6690,5625,6354,4178,6451,7405,6588,5945,8772,9219,13334,15724,12867,8941,8575,8807,13518,15878,3893,4292,3835,4683,7208,1471,1547,1520,1503,2571,1982,2286,2486,2092,3309,5517,6200,6793,6775,7477,3240,3614,4226,5048,5198,922,1217,1639,2119,2550
Forest County,041,641,655,670,574,500,846,669,639,688,548,836,838,613,771,577,658,629,459,503,418,214,399,275,310,289,78,160,120,109,116,46,132,114,106,98,221,345,282,253,306,340,583,558,455,424,340,511,580,561,443,704,881,1050,1379,1037,817,802,837,1236,1368,491,484,436,553,670,165,189,187,219,230,236,289,300,377,392,643,971,912,1076,1017,344,366,583,617,659,71,141,161,237,212
Grant County,043,4183,4175,3390,2576,2989,5071,3726,3816,3162,3025,5460,4298,3899,3666,2907,2978,3131,2071,2364,1965,2658,2992,2226,2460,2776,1256,1558,1174,1359,1536,1034,1426,1127,1119,1563,2123,3044,2415,2327,2815,2480,3893,3415,2541,2785,2247,3088,3558,2649,2599,4560,4783,6265,7096,5220,4563,4499,4455,6261,7067,2049,2291,2067,2272,3304,823,842,812,884,1157,1152,1258,1310,1276,1526,3267,3646,3861,3758,3917,1942,2286,2487,2692,2769,552,800,916,1135,1288
Green County,045,2122,2324,2159,2143,2354,2728,2367,2453,2487,2508,2858,2507,2322,2651,2511,1631,1749,1335,1627,1580,785,930,758,777,791,328,499,305,297,312,299,466,310,307,275,981,1422,999,873,1012,1412,2465,2306,1876,1998,1389,2233,2507,2198,2128,2728,3116,4633,5748,4901,3129,2821,3021,4776,6069,1351,1533,1261,1611,2703,507,561,585,565,979,726,835,731,765,1224,2032,2324,2496,2371,2765,1337,1368,1559,1834,1854,371,492,599,741,878
Green Lake County,047,1401,1290,1191,1078,1108,1570,1302,1503,1178,1267,1610,1521,1383,1384,1273,963,1038,769,974,740,427,548,434,453,394,218,242,197,182,173,225,232,151,187,158,603,803,583,435,486,928,1279,1202,897,930,758,1188,1420,1088,974,1775,1815,2580,3030,2151,1922,1807,1798,2699,3005,972,996,850,1062,1438,439,401,396,346,545,562,645,615,518,757,1474,1944,1873,1768,1837,834,987,1263,1286,1251,197,332,443,540,564
Iowa County,049,1698,1616,1581,1468,1611,2220,1497,1700,1713,1675,2393,1853,1606,1844,1615,1362,1259,874,1146,988,487,736,451,526,453,231,314,232,208,159,186,311,223,176,208,697,937,736,594,669,924,1508,1573,1249,1306,857,1439,1734,1634,1349,1984,1886,3033,4048,3100,2066,1895,1784,3286,4021,899,1028,880,1004,1766,352,375,336,327,627,477,535,540,518,871,1479,1487,1615,1566,1702,775,876,916,1098,1100,219,250,336,375,467
Iron County,051,376,432,310,274,213,515,396,366,352,248,644,460,414,436,303,406,342,221,272,217,164,215,124,146,98,61,84,60,61,40,63,90,55,39,37,181,285,156,160,115,231,445,368,272,217,258,386,427,347,236,641,600,798,1075,636,852,673,640,976,1024,533,446,302,432,508,170,175,160,177,194,261,315,252,251,328,713,876,844,805,713,340,401,503,573,526,124,109,153,213,263
Jackson County,053,1150,1328,1164,1078,1252,1541,1241,1279,1255,1294,1734,1360,1340,1440,1277,1054,1003,719,830,808,449,569,442,479,438,161,231,204,254,202,153,202,167,262,201,468,750,501,692,664,759,1195,1073,1205,1215,704,1156,1285,1308,1267,1480,1729,2331,3097,2638,1784,1592,1647,2510,3183,953,869,795,1002,1430,320,366,316,328,569,489,535,485,516,708,1274,1613,1567,1426,1832,679,802,985,1011,1044,173,290,288,407,427
Jefferson County,055,4935,4818,4685,4695,5235,5858,4954,5066,5022,5590,6015,5372,4931,5553,5537,3445,3764,2890,3387,3495,2927,3526,3151,2027,3153,1155,1448,1274,908,1475,934,1215,937,825,1053,2651,3429,2690,2545,2908,3760,5221,5212,4688,4944,3245,4720,5482,5354,5130,6103,7368,9941,12457,11056,6309,6129,7122,10429,12747,2984,3081,2726,3702,5650,1071,1134,1124,1294,1998,1537,1784,1725,1776,2673,4198,4823,4848,4752,6103,2314,2591,3073,3366,3441,619,775,906,1241,1498
Juneau County,057,1449,1654,1532,1429,1457,1955,1655,1715,1691,1548,2075,1680,1686,1869,1622,1197,1296,981,1193,1046,482,685,484,569,555,180,313,222,244,228,208,251,182,233,230,605,861,650,631,816,903,1436,1614,1196,1498,919,1282,1610,1436,1480,1886,2162,2762,3838,3387,2009,2073,2217,3275,4447,996,1140,1072,1374,1915,392,454,443,524,697,558,763,683,736,1061,1573,2046,2144,2134,2612,854,1012,1235,1437,1441,214,276,418,507,624
Kenosha County,059,10479,8819,10124,10367,10995,13280,9274,9785,11640,11850,12662,10535,9172,11826,12310,6858,7489,5252,6669,7674,4247,5013,4008,4437,5355,1876,2488,1946,2208,2589,1616,2257,1736,1980,2396,5001,6644,5542,5380,6322,7725,10382,10844,9747,10377,6741,8949,11240,11068,10496,12730,14035,18647,26061,23207,13366,12162,13087,19257,26162,5482,6339,5286,6649,10248,1987,2304,2151,2196,3352,2649,3163,3168,2923,4414,6756,7976,9261,8791,9740,3677,4057,5249,6209,6142,785,1251,1683,2169,2797
Kewaunee County,061,1705,1595,1335,1193,1172,2056,1529,1568,1385,1383,2178,1793,1509,1617,1411,1294,1240,903,1022,883,689,708,473,545,424,270,369,212,223,187,221,318,199,210,170,684,968,733,636,594,1007,1446,1402,1104,1082,859,1279,1493,1333,1176,1817,1874,2625,3248,2632,2060,1756,1796,2768,3321,1039,984,831,1009,1491,367,384,330,345,548,496,588,482,472,707,1318,1637,1606,1429,1692,732,804,1072,1184,1090,169,267,309,464,611
La Crosse County,063,6503,6117,6918,6361,6748,7532,5946,7194,7061,6562,7975,6856,6466,7306,6816,4606,4564,3532,4533,4336,4784,5748,4523,4984,5211,2061,3013,2538,3151,3081,1648,2738,2489,2762,2928,3849,6216,5645,5783,6617,4646,8126,7785,6699,8094,3938,6537,8048,6991,6680,7977,8672,14108,15764,13039,8291,7793,8666,14044,15821,3885,3991,3785,4523,7346,1514,1460,1475,1530,2695,2026,2278,2191,2188,3463,5398,6246,6687,6621,7490,3036,3608,4292,4905,5176,799,1147,1562,1914,2535
Lafayette County,065,1461,1462,1197,957,1189,2003,1337,1481,1163,1181,2263,1517,1336,1336,1178,1203,1206,678,933,801,508,637,416,445,417,207,286,163,174,178,172,267,150,158,144,556,895,489,449,566,785,1321,1160,746,935,837,1021,1346,945,872,1822,1689,2127,2706,1929,1814,1714,1497,2104,2735,870,895,743,727,1211,314,309,304,307,412,416,512,501,434,487,1250,1374,1404,1347,1320,775,713,836,875,950,200,257,248,331,331
Langlade County,067,1610,1494,1316,1121,1030,2028,1482,1458,1354,1132,2228,1793,1533,1619,1224,1276,1275,896,963,829,626,708,438,474,437,214,304,206,177,183,210,259,156,182,166,548,820,580,511,551,877,1348,1325,1015,977,846,1200,1420,1188,984,1797,1951,2582,3193,2268,2063,1881,1933,2808,3330,1066,1064,888,1102,1540,441,446,433,435,563,586,689,646,690,777,1643,1986,2020,1956,2112,930,966,1284,1410,1321,231,312,391,542,553
Lincoln County,069,1982,1908,1770,1703,1471,2468,1931,2078,1992,1602,2596,2294,2071,2157,1870,1412,1878,1352,1689,1359,602,904,662,687,637,217,379,297,303,226,205,411,278,260,225,779,1183,927,793,718,1248,1828,1936,1586,1380,1228,1631,2191,1867,1418,2485,2871,3521,4843,3576,2560,2651,2903,3859,5078,1336,1360,1280,1599,2128,472,486,553,587,695,732,808,799,864,1091,1935,2359,2332,2434,2740,1016,1282,1546,1650,1740,226,391,497,768,789
Manitowoc County,071,7285,6229,5636,4846,4550,8930,6058,6309,5791,4874,9042,7250,6118,6434,5254,5242,5140,3273,4030,3532,2702,3091,2057,2195,1952,1127,1355,989,925,792,981,1310,871,772,757,3203,4229,3035,2444,2484,4687,6564,5886,4275,4480,4022,5705,6499,5453,4404,8559,8469,11482,13615,9963,9027,8059,8047,11547,13589,4244,4219,3569,4186,6166,1532,1610,1521,1410,2120,2186,2359,2327,1961,2811,5776,6489,6803,6389,6794,2996,3722,4518,4806,4687,753,1060,1481,1808,2233
Marathon County,073,8778,9103,8570,8098,8771,10636,9020,9522,9383,8886,11224,9829,9249,10058,9320,6200,6648,5112,6177,5892,3409,4349,3275,3525,3413,1283,1955,1450,1508,1428,1133,1894,1403,1273,1297,3743,5959,4562,4018,4375,6014,9576,9264,7542,8387,5239,8273,9853,8805,7976,10414,12407,17407,20823,17712,10782,10389,11656,17471,20965,4834,5145,4674,6048,9295,1714,1997,1937,2020,3243,2237,2676,2855,2764,4115,5877,7258,8202,8075,9675,3238,3607,4947,6057,6247,702,1185,1462,2189,3066
Marinette County,075,2822,3016,2782,2222,2096,3514,2869,3261,2676,2327,3808,3255,3143,3252,2508,2259,2327,1712,2051,1636,1030,1293,958,1339,1019,436,613,441,575,471,317,579,405,474,452,1114,1772,1234,1114,1258,1835,2830,2835,1955,2087,1623,2463,3136,2349,2041,3354,4108,5545,6911,4540,4120,3631,4149,6089,6963,2280,2002,1812,2509,3274,864,901,781,908,1168,1175,1312,1210,1333,1655,3203,3850,3785,3761,4393,1679,1942,2497,2707,2584,377,551,862,1159,1277
Marquette County,077,589,800,721,765,801,793,800,899,835,808,935,933,916,1058,911,567,652,489,677,565,200,340,238,323,285,82,139,93,159,131,64,143,98,137,134,205,453,372,444,426,367,784,735,915,652,419,667,884,1040,702,887,1155,1566,2627,1695,988,1185,1218,2167,2655,552,672,701,873,1273,205,299,335,368,455,335,488,543,548,665,1039,1369,1498,1703,1852,527,628,803,929,1054,111,165,212,264,340
Menominee County,078,360,410,489,434,410,424,364,482,517,373,419,419,420,545,346,183,287,209,280,250,69,140,113,129,153,26,58,49,74,62,21,66,52,56,56,78,180,158,122,162,109,237,278,231,231,127,183,311,273,211,217,297,389,624,491,220,272,305,464,597,120,113,153,213,214,31,47,61,98,75,57,63,93,116,119,100,175,223,275,319,36,55,84,98,138,10,7,21,13,25
Milwaukee County,079,89354,69030,75373,67141,69364,100898,64808,71021,71253,64289,104010,71342,64303,69193,63132,58143,49902,35605,40238,39592,36436,36767,27787,28436,30320,17238,19500,14716,14642,15782,16976,19574,14614,13963,15522,52575,60929,46986,41268,46653,70448,91222,89328,71001,78250,55835,70816,87728,70129,68088,116334,93521,135784,143417,119301,121087,98174,84149,118257,127190,55334,52580,39466,38037,56696,20508,18674,16771,13081,19713,27549,26602,25057,18423,24710,69366,71272,71955,59920,51884,34107,39197,43959,45253,38262,7865,11078,14673,16512,18987
Monroe County,081,2576,2735,2891,2739,3236,3222,2784,3184,3116,3230,3565,3039,2959,3431,3221,2146,2083,1658,2212,1983,786,1140,889,1075,1040,335,511,412,456,411,302,500,352,405,363,1095,1549,1248,1205,1454,1621,2589,2634,2198,2759,1411,2469,2822,2520,2562,3278,3638,5352,6509,5468,3913,3438,3602,5716,6939,1650,1981,1569,2021,3118,577,726,636,624,1108,840,1071,1036,982,1558,2443,2668,3088,2815,3311,1489,1604,1707,2115,2036,361,549,594,760,876
Oconto County,083,2034,2213,2169,2026,2098,2683,2230,2376,2502,2278,3051,2557,2361,2868,2408,1731,1902,1325,1764,1648,655,956,679,824,835,247,408,280,298,298,232,418,302,306,317,801,1247,998,857,980,1162,2012,2216,1661,1724,1153,1908,2395,2403,2065,2415,3008,4193,6177,4980,2880,2714,3023,4872,6685,1551,1428,1415,1923,2883,557,658,608,736,978,841,954,906,1029,1461,2146,2689,2820,2840,3445,1128,1283,1653,1895,1890,286,362,507,653,687
Oneida County,085,1816,2037,1998,1739,1682,2510,2008,2212,2241,1716,2754,2600,2103,2638,1851,1548,1905,1211,1585,1390,705,1003,628,758,703,253,464,268,290,333,205,425,227,272,293,661,1395,888,771,954,1224,2384,2079,1623,1698,1186,2008,2440,2131,1557,2567,3576,4538,5976,4068,2907,3186,3627,5401,6273,1497,1683,1793,2284,3027,600,739,751,867,1119,806,1096,1195,1316,1534,2084,3097,3300,3939,4269,901,1263,1859,2160,2586,203,347,562,785,945
Outagamie County,087,11620,10799,11455,11124,11702,14587,10038,11652,12567,12410,14312,11732,10905,13093,12440,7837,8455,5908,7743,7872,4496,5620,3910,4477,4640,1895,2575,1933,2041,2079,1863,2465,1903,1934,1999,5202,7153,6200,5841,6625,7466,11182,12747,10618,12094,6575,9656,12839,12543,11822,12460,14040,21148,28113,24195,11608,11861,13565,20924,28090,5038,5643,5353,7087,11195,1865,1931,2205,2249,3833,2394,2857,3132,3032,4865,6194,7585,8594,8926,10873,3114,4033,5308,6297,6925,830,1174,1753,2362,3036
Ozaukee County,089,5074,4771,5323,5069,4548,6674,5287,5834,6096,5619,6843,6500,5449,6825,6221,3648,4387,3079,3941,3984,1577,2411,1900,2073,2186,641,1061,856,792,868,540,961,801,704,808,1815,3062,2542,2055,2558,3317,4840,5085,3538,4074,3400,5364,6023,4897,4021,6998,9147,12304,14614,11016,5957,7640,8839,13207,15072,2280,3299,3426,4713,6745,740,1131,1336,1454,2344,948,1458,1974,1982,3123,2469,3473,4801,5648,6909,1200,1727,2485,3529,4422,300,462,774,1180,1877
Pepin County,091,607,610,505,426,468,868,555,635,501,438,912,653,594,561,481,463,507,316,421,317,197,288,163,224,171,80,110,73,93,72,84,106,67,61,49,236,365,178,193,196,298,508,457,327,382,333,484,552,451,364,671,677,976,1093,893,701,679,646,978,1199,396,324,294,336,607,157,141,134,121,201,205,198,195,212,294,664,690,641,561,673,342,433,486,448,457,105,149,195,206,207
Pierce County,093,2241,2372,2381,2110,2414,2768,2363,2637,2483,2535,2703,2482,2454,2707,2556,1518,1794,1376,1697,1654,1793,2173,1718,2119,2182,764,1028,917,1250,1181,684,963,815,1018,1198,1372,2063,1821,1860,2280,1499,2558,2615,2198,2511,1260,2270,2728,2259,2199,2397,3065,4721,5894,5053,2449,2430,2923,4900,6247,1111,1243,1121,1536,2629,401,475,432,560,891,638,660,621,674,1206,1678,1820,1939,1783,2363,1081,1040,1144,1279,1315,295,350,402,477,605
Polk County,095,2047,2527,2542,2427,2714,2794,2645,2996,2962,2828,2872,2604,2784,3293,2920,1682,1926,1606,2153,2038,687,1046,772,992,938,291,481,311,373,371,279,434,303,329,362,892,1374,985,1086,1168,1322,2520,2444,2083,2279,1276,2251,2843,2550,2427,2565,3376,5169,6794,5598,2920,2919,3471,5947,7290,1580,1614,1425,2156,3400,592,630,586,799,1203,852,965,987,1128,1605,2410,2906,2898,3111,3850,1268,1641,1964,2223,2216,337,492,687,913,998
Portage County,097,4078,4343,4266,3964,3891,4889,4105,4667,4331,3974,4540,4566,4413,4787,4121,2613,3199,2398,3095,2561,4105,3954,3245,3299,3299,1648,2061,1747,1918,1949,1323,1950,1677,1808,2003,2600,4106,4014,3863,4226,2789,5050,4957,4048,4550,2279,4130,4940,4274,3881,4237,5593,8690,10261,7991,4305,4447,5489,8945,10180,1976,2158,2157,2894,4772,766,844,856,1013,1609,1045,1183,1286,1328,2057,2606,3391,3610,3791,4723,1425,1806,2273,2565,2846,317,534,720,998,1386
Price County,099,1175,1191,1031,770,616,1417,1230,1193,1027,728,1534,1340,1208,1199,811,921,955,701,774,544,297,424,323,343,295,154,192,143,112,85,116,186,117,117,91,382,628,484,344,277,627,1072,1040,709,567,624,958,1155,910,624,1366,1548,2081,2465,1614,1672,1538,1475,2356,2575,964,855,755,880,1261,388,331,307,343,490,502,563,549,492,613,1371,1694,1578,1449,1549,809,832,1110,1051,989,201,251,350,481,430
Racine County,101,15981,13510,13635,13220,12747,19568,13486,14338,14069,13233,19882,15577,13267,14667,13991,10591,10775,7381,8995,8539,5461,6459,4360,5013,4689,2290,3050,2193,2288,2246,2188,2856,2139,2156,2150,7300,9345,7020,6158,6793,11057,14504,14279,11116,11963,9795,13277,15568,13415,11833,19182,19673,26393,32004,25736,18171,17465,18268,26267,31778,7619,8552,7571,9105,13217,2674,2981,3027,3048,4664,3638,4042,4505,4077,6090,9207,10168,12156,12006,13402,5060,5560,6700,8381,8491,1174,1852,2234,2846,3846
Richland County,103,1351,1335,1234,1004,1175,1708,1294,1416,1191,1184,1865,1390,1393,1432,1103,1154,989,717,885,738,631,628,524,584,515,196,290,225,224,220,167,254,172,190,136,581,820,540,511,506,779,1393,1172,887,934,783,1100,1296,998,932,1699,1621,2421,2686,2021,1976,1695,1687,2525,2709,934,940,778,912,1495,371,376,346,345,474,495,593,540,466,634,1350,1588,1652,1509,1619,834,876,1030,1135,1087,205,294,378,440,539
Rock County,105,12364,10790,10784,10263,10445,14893,11003,10787,11460,11116,14793,12197,10346,11828,11427,7958,8411,5942,6815,7195,4492,5392,3976,4115,4386,1889,2539,1973,1957,1950,1776,2577,1903,1847,1868,5878,7683,5823,5191,5591,8715,11594,11180,9694,10134,7889,10328,11717,10912,10025,14755,15908,20320,24810,21393,13139,13915,14817,20645,24117,5850,6344,6409,7326,10405,2168,2171,2468,2523,3615,2920,3275,3472,3526,4905,7386,8897,9727,10198,11466,4044,4796,5877,6645,7256,1061,1600,1989,2552,3037
Rusk County,107,1125,1211,1079,829,813,1510,1233,1184,1057,868,1664,1388,1182,1151,954,990,961,715,766,680,436,560,403,423,324,163,231,159,181,120,139,243,170,188,112,408,710,492,418,343,637,1124,1029,688,641,570,967,1094,884,691,1287,1424,1980,2237,1658,1692,1417,1420,2113,2393,848,856,680,822,1185,322,340,266,311,406,423,561,468,447,603,1169,1418,1515,1400,1515,693,699,955,1021,999,162,246,288,411,450
Sauk County,111,3384,3173,3507,3567,3979,3855,3240,3757,3856,4014,4262,3810,3507,4404,4170,2459,2555,2001,2544,2604,1077,1353,1121,1369,1326,443,691,550,602,609,426,601,474,565,567,1500,2014,1720,1571,2160,2222,3314,3550,3312,3994,1896,3043,3931,3789,3740,4009,4536,6815,9061,8044,4409,4138,4582,7641,9545,2067,2217,2004,2726,4293,810,893,803,934,1516,1038,1284,1243,1291,2127,3044,3756,3989,3880,4769,1686,2076,2513,2946,2962,470,775,908,1167,1557
Sawyer County,113,713,897,992,891,971,973,901,1120,1021,903,944,1083,1009,1260,934,642,781,595,729,646,175,361,267,367,336,81,140,148,121,127,73,138,111,129,132,214,512,351,355,466,432,838,860,695,759,399,783,1004,834,698,893,1322,1891,2459,1795,1128,1293,1430,2376,2656,717,699,789,1059,1381,265,318,326,422,554,401,545,550,574,770,1066,1473,1543,1656,2033,445,615,960,907,1032,109,144,235,341,364
Shawano County,115,2692,2625,2615,2500,2443,3425,2734,2855,2778,2648,3525,3240,2776,3159,2725,2071,2266,1734,1996,1746,842,1166,843,930,977,312,528,428,386,417,298,445,416,362,356,986,1502,1261,1123,1240,1633,2371,2640,2182,2239,1546,2144,2844,2648,2143,3205,3723,4697,6367,5285,3819,3482,3727,5200,6589,1935,1933,1696,2265,2936,724,834,740,773,1028,1030,1225,1213,1148,1497,2709,3384,3620,3434,4104,1529,1745,2301,2498,2482,369,581,751,915,1094
Sheboygan County,117,8327,7612,7393,7213,7156,9723,7498,8117,7881,7521,10113,8409,7841,8427,7956,5771,5825,4504,5254,4949,3327,3613,2547,3056,2694,1370,1761,1276,1390,1222,1277,1671,1222,1185,1148,3869,5344,4025,3850,3828,5681,8232,8213,6813,7007,4974,7197,8996,7863,6857,10123,10711,15457,18905,15056,10753,9747,10234,15456,18605,5128,5080,4371,5309,8183,1848,1938,1842,1731,2806,2672,2861,2705,2581,3698,7084,7845,8165,7594,8426,3758,4306,5232,5840,5657,862,1285,1737,2298,2738
St. Croix County,109,3186,3688,4140,4423,6166,4151,3667,4490,4921,6705,4193,3943,4196,5124,6396,2289,2778,2291,3149,3616,939,1585,1235,1592,1745,391,743,586,672,732,400,745,572,700,646,1392,2266,1893,2196,2546,2063,3645,4214,4112,5546,1914,3533,4693,4732,5996,3709,5079,8231,11505,12640,3350,3934,5097,8918,13616,1382,1795,1869,2889,5379,554,553,672,880,1788,735,874,972,1121,2360,2035,2313,2621,3172,4672,1316,1500,1717,2072,2637,355,621,762,977,1159
Taylor County,119,1536,1647,1514,1148,1359,1973,1494,1712,1427,1445,2160,1786,1592,1675,1367,1210,1181,892,1082,918,513,702,460,509,424,161,313,210,211,191,160,309,179,197,186,475,977,673,580,601,713,1375,1495,1042,1054,800,1170,1559,1234,1159,1633,1812,2460,3302,2576,1827,1710,1728,2551,3510,911,857,754,866,1425,322,325,308,365,515,455,562,493,499,625,1157,1547,1497,1445,1657,764,780,1053,1080,1113,188,270,322,467,564
Trempealeau County,121,2025,1856,1767,1663,1885,2309,2039,1893,1940,1954,2449,2367,1823,2017,1938,1377,1593,1110,1224,1208,631,781,639,643,628,250,373,276,242,241,189,376,263,234,230,716,1104,876,755,875,1191,1954,1838,1522,1715,1072,1690,1887,1795,1663,2256,2669,3481,4300,3756,2715,2362,2560,3688,4443,1309,1363,1061,1401,2069,483,532,475,492,693,698,822,690,659,951,2034,2324,2336,2030,2347,1294,1452,1672,1691,1444,346,501,616,714,776
Vernon County,123,1800,1843,1857,1835,2121,2285,1824,2115,2064,2257,2739,2040,1939,2349,2190,1580,1512,1116,1448,1310,594,734,548,727,677,239,328,224,250,260,205,333,219,229,245,714,1077,739,691,776,1144,1843,1622,1245,1489,1135,1624,1967,1571,1476,2497,2571,3534,4275,3328,3039,2554,2548,3854,4707,1379,1502,1167,1487,2170,502,569,469,509,754,820,865,761,753,1051,2285,2472,2537,2296,2528,1261,1471,1662,1760,1683,339,480,593,713,751
Vilas County,125,737,928,1051,896,956,1026,1036,1192,1185,1014,1093,1294,1044,1420,1062,618,916,648,844,777,223,443,310,380,407,95,179,123,156,163,79,166,120,134,148,276,565,424,375,427,484,1058,943,810,807,483,987,1152,1043,832,1084,1756,2304,3012,2205,1335,1718,1985,2986,3461,772,1029,1071,1474,1775,292,449,460,569,731,495,780,829,955,1109,1343,2164,2405,2751,3124,396,872,1294,1561,1800,127,195,352,482,632
Walworth County,127,4889,4793,4948,5527,6196,6108,4797,5197,6299,6768,6317,5722,5055,6864,6796,3679,4186,2779,3964,4240,3497,3394,2811,4196,3348,1692,1971,1720,2323,1968,1478,1994,1999,2094,2061,3069,3939,3831,4318,4655,3671,5529,5582,5278,5746,3214,5001,5860,5925,5724,6245,7731,10708,14638,12714,6459,6711,7438,12289,15568,2995,3393,3147,4456,6930,1131,1231,1323,1497,2439,1592,1933,1929,2157,3318,4341,5424,5678,6045,7362,2453,2836,3673,4165,4401,614,922,1322,1724,1994
Washburn County,129,720,1004,901,824,872,1015,994,1081,987,860,1130,1031,1063,1203,890,695,740,572,801,610,270,392,296,367,296,90,152,113,126,106,93,173,83,124,114,274,497,363,321,361,502,936,812,708,724,472,837,981,803,744,961,1377,1952,2452,1731,1318,1211,1444,2379,2583,661,750,680,1066,1401,254,305,308,347,484,410,549,496,561,755,1095,1363,1516,1556,1919,518,689,841,1036,1022,123,174,270,375,439
Washington County,131,6627,7108,7240,7970,8179,8045,7420,7832,8687,9028,7629,8481,7664,9224,9487,3851,5587,4307,5449,5683,1930,2995,2475,2786,2807,800,1369,1229,1238,1169,705,1338,1126,1102,1077,2444,3927,3876,3305,3674,4307,7079,7766,6587,7128,4040,7273,8426,8838,7623,7269,10964,15391,21639,18562,6259,7875,10619,17021,22805,2604,3409,3908,5946,9207,896,1198,1451,1910,3378,1186,1700,2076,2579,4277,3098,4106,5545,6896,9496,1674,2189,3292,4651,5806,475,830,1105,1665,2501
Waukesha County,133,20839,20054,21801,23096,21474,28710,22762,23575,26175,26223,29522,28095,23741,28630,28181,15424,19241,13993,17002,17932,7691,10291,8075,8359,8577,2842,4473,3727,3382,3546,2474,4294,3495,3091,3462,7112,11902,10642,9753,11296,13517,20428,21863,18300,19783,14976,23893,26590,23966,20389,31730,38987,52958,65173,51771,25555,32092,36927,56475,68404,9110,13116,14533,19511,29229,3114,4235,5291,6122,10242,3955,5549,7578,8298,13694,8968,12528,17686,23454,28754,4591,6303,8970,14533,19025,1235,2083,3270,5447,7909
Waupaca County,135,2930,3230,3212,3119,2914,3613,3185,3613,3683,3208,3750,3501,3593,4003,3424,2307,2395,1965,2472,2324,968,1372,1124,1292,1121,362,640,515,512,446,359,583,464,468,419,1233,1895,1550,1410,1485,1957,3177,3365,2714,2702,1723,2733,3626,3296,2847,3600,4292,6457,8396,6435,4197,3912,4383,6999,8604,2155,2176,1972,2577,3865,856,856,818,888,1342,1232,1435,1294,1276,1812,3640,3993,4134,4012,4536,2271,2507,2846,3262,3182,627,949,1173,1352,1744
Waushara County,137,1128,1290,1239,1162,1171,1376,1253,1387,1437,1345,1463,1519,1422,1776,1410,908,1032,748,1069,908,371,552,403,511,517,130,215,173,171,174,159,241,156,186,191,475,737,552,528,657,733,1253,1247,975,1237,687,1190,1388,1222,1283,1440,1862,2624,3576,2873,1583,1884,1991,3293,4099,855,1060,1061,1349,1941,396,422,471,554,762,560,638,763,890,1045,1607,2088,2140,2484,2689,737,1009,1239,1454,1627,187,281,381,517,567
Winnebago County,139,10648,8799,9815,9364,9866,12991,8896,10060,10395,9944,13195,10351,8935,11001,9972,7403,7579,4987,6583,6350,6787,6283,5111,5611,5683,3183,3217,2958,2992,3015,2810,3064,2703,2757,3096,6542,8086,7093,7133,8076,8234,11578,12330,10344,11511,6803,9693,12253,11115,10409,13675,14143,20559,26136,21429,13307,12826,13816,20832,25560,6070,6163,5902,7060,11041,2247,2277,2392,2392,3740,3090,3460,3383,3385,4966,7721,8958,9717,9862,11159,4167,4819,6148,6997,7576,1058,1511,2158,2804,3601
Wood County,141,6282,5747,5526,4634,4482,7545,5685,6111,5217,4451,7694,6555,5692,5837,4848,4190,4533,3203,3697,3223,2038,2779,1886,1966,1726,816,1310,823,854,772,771,1316,829,786,644,2545,3879,2777,2219,2497,3798,5847,5893,4122,4279,3567,5188,6244,4904,3970,6858,7789,10617,12425,8973,6957,6763,7361,10415,12281,3074,3554,3113,3681,5375,1105,1259,1214,1314,1943,1573,1835,1878,1888,2523,3897,5058,5677,5522,6280,2106,2810,3500,4324,4305,546,892,1261,1750,2177
